{
  "analysis_type": "comprehensive_alpha_analysis",
  "alpha_values": [
    1.0,
    1.2,
    1.5,
    1.8,
    2.0
  ],
  "base_results": {
    "sensitivity_data": [
      0.023434,
      0.0226681772980759,
      0.021617671654364557,
      0.020667643143715653,
      0.020082100000000012
    ],
    "variance_data": [
      0.0005568262239999992,
      0.0005316342865519075,
      0.0004984438492440825,
      0.00046973171615335323,
      0.00045263829964000064
    ]
  },
  "data_quality_scenarios": {
    "clean_data": {
      "1.0": {
        "avg_mastery_change": 0.03991999999999999,
        "variance": 0.00014666559999999964,
        "stability": 0.9998533559076438,
        "exclusion_rate": 0.0,
        "excluded_count": 0,
        "included_count": 5
      },
      "1.2": {
        "avg_mastery_change": 0.03876835879395044,
        "variance": 0.00014989405181599428,
        "stability": 0.9998501284130433,
        "exclusion_rate": 0.0,
        "excluded_count": 0,
        "included_count": 5
      },
      "1.5": {
        "avg_mastery_change": 0.03712142028611086,
        "variance": 0.00015461775594191653,
        "stability": 0.9998454061470127,
        "exclusion_rate": 0.0,
        "excluded_count": 0,
        "included_count": 5
      },
      "1.8": {
        "avg_mastery_change": 0.035565553813863435,
        "variance": 0.00015908649626864953,
        "stability": 0.9998409388082191,
        "exclusion_rate": 0.0,
        "excluded_count": 0,
        "included_count": 5
      },
      "2.0": {
        "avg_mastery_change": 0.03457600000000001,
        "variance": 0.00016187730400000014,
        "stability": 0.9998381488960204,
        "exclusion_rate": 0.0,
        "excluded_count": 0,
        "included_count": 5
      }
    },
    "noisy_data": {
      "1.0": {
        "avg_mastery_change": 0.001664999999999986,
        "variance": 7.67202749999999e-05,
        "stability": 0.999923285610549,
        "exclusion_rate": 0.2,
        "excluded_count": 1,
        "included_count": 4
      },
      "1.2": {
        "avg_mastery_change": 0.0013542320029626548,
        "variance": 5.778726921209042e-05,
        "stability": 0.9999422160699635,
        "exclusion_rate": 0.2,
        "excluded_count": 1,
        "included_count": 4
      },
      "1.5": {
        "avg_mastery_change": 0.0009839075704000666,
        "variance": 3.786481089290966e-05,
        "stability": 0.9999621366227966,
        "exclusion_rate": 0.2,
        "excluded_count": 1,
        "included_count": 4
      },
      "1.8": {
        "avg_mastery_change": 0.0007048179898306445,
        "variance": 2.4880438748977964e-05,
        "stability": 0.9999751201802718,
        "exclusion_rate": 0.2,
        "excluded_count": 1,
        "included_count": 4
      },
      "2.0": {
        "avg_mastery_change": 0.0005587500000000106,
        "variance": 1.883407668750004e-05,
        "stability": 0.9999811662780282,
        "exclusion_rate": 0.2,
        "excluded_count": 1,
        "included_count": 4
      }
    }
  },
  "convergence_analysis": {
    "1.0": {
      "convergence_iteration": 50,
      "final_mastery": 0.777615005825335,
      "target_distance": 0.022384994174664996,
      "stability_variance": 0.0001659739785464602,
      "trajectory": [
        0.3,
        0.349,
        0.39586983108474166,
        0.44055938563623975,
        0.4830267487611335,
        0.5232412536781612,
        0.5611857722954822,
        0.5968582312526386,
        0.6302723762227807,
        0.661457837144994,
        0.6904595722690007,
        0.7173367879813839,
        0.7297491157517314,
        0.7417267405717867,
        0.7532549177837384,
        0.7643225444077676,
        0.7749221261575843,
        0.7850496707552846,
        0.7947045190539213,
        0.8038891260645274,
        0.7287762712738972,
        0.740735332165558,
        0.7520475924369214,
        0.7627306129999608,
        0.7728043717307213,
        0.7822908415369269,
        0.7912135907516991,
        0.7995974118792414,
        0.8074679828045639,
        0.742352830868479,
        0.7519869009119683,
        0.761017355485472,
        0.7694811186101702,
        0.7774147160363641,
        0.7848540822738422,
        0.7918344031451346,
        0.7983899890354681,
        0.8045541739049796,
        0.7543307816464682,
        0.7614260577907284,
        0.7681353149289064,
        0.7744958211840388,
        0.7805432183628527,
        0.7863114735804848,
        0.7918328305153703,
        0.7971377583453595,
        0.8022548972937272,
        0.7600132708898139,
        0.7660131232892302,
        0.7718717695189942,
        0.777615005825335
      ]
    },
    "1.2": {
      "convergence_iteration": 50,
      "final_mastery": 0.7714175033380958,
      "target_distance": 0.028582496661904266,
      "stability_variance": 0.0001508450881346327,
      "trajectory": [
        0.3,
        0.345626345839647,
        0.38974280879845263,
        0.4322442354177665,
        0.47303136255850226,
        0.512014999458529,
        0.5491195288091495,
        0.5842856316054416,
        0.6174721812690406,
        0.6486572959361204,
        0.6778385801337339,
        0.7050326249481549,
        0.7176532457261549,
        0.7298687977295754,
        0.7416556595212355,
        0.7529945913320063,
        0.7638707939009802,
        0.7742738595337815,
        0.7841976289044713,
        0.7936399689805276,
        0.8026024883712525,
        0.7300971141638367,
        0.7415570131817616,
        0.7523654187468923,
        0.7625409500736532,
        0.772104966538027,
        0.7810810575005143,
        0.78949456478454,
        0.797372144488258,
        0.8047413722392943,
        0.7450669369486783,
        0.7537788624907309,
        0.7619178034428087,
        0.769521929484539,
        0.7766288752033194,
        0.7832755397743456,
        0.7894979264529057,
        0.7953310161076341,
        0.8008086691930099,
        0.7572816450130792,
        0.7633653806672326,
        0.7691223348520481,
        0.774588523293065,
        0.7797982696216138,
        0.7847841777260629,
        0.7895771055318589,
        0.7942061374660955,
        0.7986985533408575,
        0.803079791918866,
        0.766288182600065,
        0.7714175033380958
      ]
    },
    "1.5": {
      "convergence_iteration": 50,
      "final_mastery": 0.8035598220284909,
      "target_distance": 0.003559822028490811,
      "stability_variance": 0.00012658565116058497,
      "trajectory": [
        0.3,
        0.3409963413001697,
        0.3812547334035768,
        0.4206210827638161,
        0.45894012478161167,
        0.4960609231789061,
        0.5318420162560982,
        0.5661559852125798,
        0.5988932539723013,
        0.6299649792080533,
        0.6593049484611981,
        0.6868704674432838,
        0.7126422786785627,
        0.7246329429046041,
        0.736246059376042,
        0.7474513453656664,
        0.7582238351023107,
        0.7685439735310745,
        0.7783975638201518,
        0.7877755872126574,
        0.7966739169355106,
        0.8050929494070331,
        0.7361195404994592,
        0.7466733884177079,
        0.7565844589637937,
        0.7658724179303488,
        0.7745600327878694,
        0.7826725490120124,
        0.7902371138633207,
        0.797282254827707,
        0.80383741641027,
        0.7513504974809655,
        0.7587618641322555,
        0.7656500751880123,
        0.7720538942646271,
        0.7780113467873386,
        0.7835595148475033,
        0.788734377641153,
        0.7935706911430596,
        0.7981019011858218,
        0.8023600846803625,
        0.7681092091400048,
        0.7726634851544932,
        0.7769958735923713,
        0.7811380140932811,
        0.7851198760324024,
        0.7889697829387284,
        0.7927144357937275,
        0.7963789302228989,
        0.7999867627800009,
        0.8035598220284909
      ]
    },