{
  "baseline": {
    "final_mastery": 0.8209114342748951,
    "mastery_history": [
      0.7707177700832644,
      0.7718419141012608,
      0.7729618460588074,
      0.7740775677223334,
      0.7751890810200958,
      0.776296388040695,
      0.7773994910315887,
      0.778498392397603,
      0.779593094699443,
      0.7806836006522001,
      0.7817699131238598,
      0.7828520351338076,
      0.7839299698513337,
      0.7850037205941379,
      0.786073290826834,
      0.7871386841594538,
      0.788199904345951,
      0.7892569552827061,
      0.7903098410070312,
      0.791358565695676,
      0.792403133663334,
      0.7934435493611511,
      0.794479817375234,
      0.7955119424251614,
      0.7965399293624967,
      0.7975637831693017,
      0.7985835089566534,
      0.7995991119631638,
      0.8006105975534997,
      0.8016179712169079,
      0.8026212385657414,
      0.80362040533399,
      0.804615477375813,
      0.8056064606640753,
      0.8065933612888884,
      0.8075761854561534,
      0.8085549394861089,
      0.8095296298118823,
      0.8105002629780463,
      0.8114668456391781,
      0.8124293845584245,
      0.8133878866060711,
      0.8143423587581163,
      0.8152928080948497,
      0.8162392417994365,
      0.8171816671565061,
      0.8181200915507468,
      0.8190545224655058,
      0.8199849674813933,
      0.8209114342748951
    ],
    "transfer_events": 0,
    "total_transferred_mastery": 0.0,
    "transfer_efficiency": 0.0
  },
  "transfer": {
    "final_mastery": 0.7078160505574763,
    "mastery_history": {
      "ct_algorithm_design": [
        0.6745360412915795,
        0.6759673030584523,
        0.6773947805441622,
        0.6788184597187814,
        0.6802383267978123,
        0.6816543682417275,
        0.6830665707554836,
        0.6844749212880092,
        0.6858794070316695,
        0.6872800154217046,
        0.6886767341356445,
        0.6900695510926999,
        0.6914584544531289,
        0.6928434326175812,
        0.6942244742264181,
        0.6956015681590103,
        0.6969747035330137,
        0.6983438697036233,
        0.6997090562628032,
        0.7010702530384983,
        0.7024274500938228,
        0.7037806377262281,
        0.7051298064666517,
        0.7064749470786438,
        0.7078160505574763
      ],
      "ct_abstraction": [
        0.6745360412915795,
        0.6759673030584523,
        0.6773947805441622,
        0.6788184597187814,
        0.6802383267978123,
        0.6816543682417275,
        0.6830665707554836,
        0.6844749212880092,
        0.6858794070316695,
        0.6872800154217046,
        0.6886767341356445,
        0.6900695510926999,
        0.6914584544531289,
        0.6928434326175812,
        0.6942244742264181,
        0.6956015681590103,
        0.6969747035330137,
        0.6983438697036233,
        0.6997090562628032,
        0.7010702530384983,
        0.7024274500938228,
        0.7037806377262281,
        0.7051298064666517,
        0.7064749470786438,
        0.7078160505574763
      ]
    },
    "transfer_events": 0,
    "total_transferred_mastery": 0.0,
    "transfer_efficiency": 0.0
  },
  "improvement_percent": -13.7768069727662
}